type,source_productId,similar_productId,similarity_score
product_product,B0007A0AQW,B0045XE32E,0.6237
product_product,B0007A0AQW,B002LANN56,0.5341
product_product,B0007A0AQW,B002QWP89S,0.5246
product_product,B0007A0AQW,B0012NUVN0,0.523
product_product,B0007A0AQW,B0051COPH6,0.45
product_product,B000G6RYNE,B0013NUGDE,0.6984
product_product,B000G6RYNE,B0012XBD7I,0.5804
product_product,B000G6RYNE,B004JRKEH4,0.4972
product_product,B000G6RYNE,B004U43ZO0,0.4836
product_product,B000G6RYNE,B005K4Q1RW,0.4639
product_product,B000GAT6NG,B008ZRKZSM,0.4027
product_product,B000GAT6NG,B004JRKEH4,0.3806
product_product,B000GAT6NG,B004SRH2B6,0.3802
product_product,B000GAT6NG,B008BY7NSE,0.35
product_product,B000GAT6NG,B005K4Q1RW,0.3311
product_product,B000PDY3P0,B004JGQ15E,0.5452
product_product,B000PDY3P0,B0013NUGDE,0.4273
product_product,B000PDY3P0,B004FEN3GK,0.4122
product_product,B000PDY3P0,B0051COPH6,0.3842
product_product,B000PDY3P0,B004U49QU2,0.3615
product_product,B0012NUVN0,B002LANN56,0.5979
product_product,B0012NUVN0,B0045XE32E,0.5872
product_product,B0012NUVN0,B002QWP89S,0.5661
product_product,B0012NUVN0,B0007A0AQW,0.523
product_product,B0012NUVN0,B003E728CE,0.4742
product_product,B0012XBD7I,B000G6RYNE,0.5804
product_product,B0012XBD7I,B0013NUGDE,0.5626
product_product,B0012XBD7I,B004U43ZO0,0.5128
product_product,B0012XBD7I,B004JRKEH4,0.4724
product_product,B0012XBD7I,B004U49QU2,0.4643
product_product,B0013NUGDE,B000G6RYNE,0.6984
product_product,B0013NUGDE,B004U43ZO0,0.57
product_product,B0013NUGDE,B0012XBD7I,0.5626
product_product,B0013NUGDE,B004JGQ15E,0.5392
product_product,B0013NUGDE,B0034EDLS2,0.5362
product_product,B0018KR8V0,B003TNANSO,0.7717
product_product,B0018KR8V0,B0034EDLS2,0.738
product_product,B0018KR8V0,B004U43ZO0,0.654
product_product,B0018KR8V0,B002NHYQAS,0.6401
product_product,B0018KR8V0,B004U49QU2,0.5901
product_product,B0019QT66I,B0041NYV8E,0.5173
product_product,B0019QT66I,B007I7Z3Z0,0.5068
product_product,B0019QT66I,B006MONQMC,0.4857
product_product,B0019QT66I,B005HG9ESG,0.4634
product_product,B0019QT66I,B001AS1A4Q,0.4626
product_product,B001AS1A4Q,B006MONQMC,0.5542
product_product,B001AS1A4Q,B003QNJYXM,0.5262
product_product,B001AS1A4Q,B002IEZJMA,0.5149
product_product,B001AS1A4Q,B0049ULB78,0.4854
product_product,B001AS1A4Q,B0019QT66I,0.4626
product_product,B001BDDTB2,B002LANN56,0.5027
product_product,B001BDDTB2,B004JRKEH4,0.4845
product_product,B001BDDTB2,B004YV80O4,0.4796
product_product,B001BDDTB2,B001VJ0B0I,0.4325
product_product,B001BDDTB2,B004YV80OE,0.4262
product_product,B001D0IZBM,B007TJGZ54,0.7344
product_product,B001D0IZBM,B004ZIER34,0.6602
product_product,B001D0IZBM,B0049ULB78,0.6518
product_product,B001D0IZBM,B007TJGY46,0.6463
product_product,B001D0IZBM,B0090X8IPM,0.6126
product_product,B001LG940E,B001LGGH40,0.7141
product_product,B001LG940E,B001LG945O,0.676
product_product,B001LG940E,B005K4Q1RW,0.6439
product_product,B001LG940E,B002IEZJMA,0.6353
product_product,B001LG940E,B001LGGH54,0.6071
product_product,B001LG945O,B001LG940E,0.676
product_product,B001LG945O,B002IEZJMA,0.6075
product_product,B001LG945O,B005K4Q1RW,0.607
product_product,B001LG945O,B001LGGH40,0.5883
product_product,B001LG945O,B001LGGH54,0.5561
product_product,B001LGGH40,B001LG940E,0.7141
product_product,B001LGGH40,B001LGGH54,0.6162
product_product,B001LGGH40,B001LG945O,0.5883
product_product,B001LGGH40,B006MONQMC,0.5799
product_product,B001LGGH40,B005K4Q1RW,0.5789
product_product,B001LGGH54,B001LGGH40,0.6162
product_product,B001LGGH54,B005K4Q1RW,0.6151
product_product,B001LGGH54,B001LG940E,0.6071
product_product,B001LGGH54,B007I7Z3Z0,0.582
product_product,B001LGGH54,B004E4CCSQ,0.5664
product_product,B001VJ0B0I,B002LANN56,0.5791
product_product,B001VJ0B0I,B0045XE32E,0.4891
product_product,B001VJ0B0I,B004YV80O4,0.4793
product_product,B001VJ0B0I,B0034EDLS2,0.4498
product_product,B001VJ0B0I,B0007A0AQW,0.4482
product_product,B002IEVJRY,B002IEZJMA,0.7059
product_product,B002IEVJRY,B0049ULB78,0.6882
product_product,B002IEVJRY,B007TJGZ54,0.6518
product_product,B002IEVJRY,B003VXFK44,0.6362
product_product,B002IEVJRY,B00438XVGU,0.6037
product_product,B002IEZJMA,B002IEVJRY,0.7059
product_product,B002IEZJMA,B0049ULB78,0.6888
product_product,B002IEZJMA,B007TJGZ54,0.6838
product_product,B002IEZJMA,B003VXFK44,0.6682
product_product,B002IEZJMA,B005VOONKI,0.6466
product_product,B002LANN56,B0045XE32E,0.6226
product_product,B002LANN56,B0012NUVN0,0.5979
product_product,B002LANN56,B001VJ0B0I,0.5791
product_product,B002LANN56,B002QWP89S,0.5563
product_product,B002LANN56,B0007A0AQW,0.5341
product_product,B002NHYQAS,B0018KR8V0,0.6401
product_product,B002NHYQAS,B003TNANSO,0.6369
product_product,B002NHYQAS,B0034EDLS2,0.5945
product_product,B002NHYQAS,B004JGQ15E,0.5638
product_product,B002NHYQAS,B004U43ZO0,0.5577
product_product,B002QWP89S,B0012NUVN0,0.5661
product_product,B002QWP89S,B002LANN56,0.5563
product_product,B002QWP89S,B0007A0AQW,0.5246
product_product,B002QWP89S,B0045XE32E,0.513
product_product,B002QWP89S,B0051COPH6,0.464
product_product,B002ZX1U9A,B0049ULB78,0.7814
product_product,B002ZX1U9A,B007TJGZ54,0.7774
product_product,B002ZX1U9A,B005K4Q1VI,0.7311
product_product,B002ZX1U9A,B007TJGY46,0.6879
product_product,B002ZX1U9A,B002IEZJMA,0.6437
product_product,B0034EDLS2,B0018KR8V0,0.738
product_product,B0034EDLS2,B003TNANSO,0.6697
product_product,B0034EDLS2,B004U49QU2,0.63
product_product,B0034EDLS2,B002NHYQAS,0.5945
product_product,B0034EDLS2,B0051COPH6,0.5846
product_product,B003D4F1QS,B0061IUIDY,0.5844
product_product,B003D4F1QS,B0041NYV8E,0.564
product_product,B003D4F1QS,B007I7Z3Z0,0.5293
product_product,B003D4F1QS,B007TJGZ54,0.5223
product_product,B003D4F1QS,B002IEZJMA,0.4957
product_product,B003E728CE,B0045XE32E,0.4796
product_product,B003E728CE,B0012NUVN0,0.4742
product_product,B003E728CE,B002LANN56,0.4643
product_product,B003E728CE,B002QWP89S,0.365
product_product,B003E728CE,B0007A0AQW,0.3585
product_product,B003FDC2I2,B0051COPH6,0.5932
product_product,B003FDC2I2,B008BY7NSE,0.5842
product_product,B003FDC2I2,B004TPKAN4,0.5317
product_product,B003FDC2I2,B004YV80O4,0.5229
product_product,B003FDC2I2,B0034EDLS2,0.5186
product_product,B003QNJYXM,B001AS1A4Q,0.5262
product_product,B003QNJYXM,B006MONQMC,0.4506
product_product,B003QNJYXM,B0034EDLS2,0.3903
product_product,B003QNJYXM,B005HG9ESG,0.3676
product_product,B003QNJYXM,B003FDC2I2,0.3632
product_product,B003TNANSO,B0018KR8V0,0.7717
product_product,B003TNANSO,B0034EDLS2,0.6697
product_product,B003TNANSO,B002NHYQAS,0.6369
product_product,B003TNANSO,B008ZRKZSM,0.561
product_product,B003TNANSO,B008BY7NSE,0.5436
product_product,B003VXFK44,B007TJGZ54,0.6691
product_product,B003VXFK44,B0049ULB78,0.6689
product_product,B003VXFK44,B002IEZJMA,0.6682
product_product,B003VXFK44,B002IEVJRY,0.6362
product_product,B003VXFK44,B002ZX1U9A,0.6284
product_product,B003XDH6M6,B001LG940E,0.505
product_product,B003XDH6M6,B0051COPH6,0.4865
product_product,B003XDH6M6,B001LG945O,0.4824
product_product,B003XDH6M6,B001LGGH54,0.4662
product_product,B003XDH6M6,B004BKLHOS,0.4505
product_product,B0041NYV8E,B0061IUIDY,0.6055
product_product,B0041NYV8E,B003D4F1QS,0.564
product_product,B0041NYV8E,B007I7Z3Z0,0.5296
product_product,B0041NYV8E,B0019QT66I,0.5173
product_product,B0041NYV8E,B002IEZJMA,0.5018
product_product,B00438XVGU,B0049ULB78,0.68
product_product,B00438XVGU,B007TJGZ54,0.648
product_product,B00438XVGU,B0090X8IPM,0.6251
product_product,B00438XVGU,B002IEZJMA,0.6052
product_product,B00438XVGU,B002IEVJRY,0.6037
product_product,B0045XE32E,B0007A0AQW,0.6237
product_product,B0045XE32E,B002LANN56,0.6226
product_product,B0045XE32E,B0012NUVN0,0.5872
product_product,B0045XE32E,B002QWP89S,0.513
product_product,B0045XE32E,B004U43ZO0,0.4994
product_product,B0049ULB78,B007TJGZ54,0.7827
product_product,B0049ULB78,B002ZX1U9A,0.7814
product_product,B0049ULB78,B005K4Q1VI,0.7035
product_product,B0049ULB78,B002IEZJMA,0.6888
product_product,B0049ULB78,B007TJGY46,0.6886
product_product,B004BKLHOS,B004FEN3GK,0.5937
product_product,B004BKLHOS,B0018KR8V0,0.5447
product_product,B004BKLHOS,B005K4Q1RW,0.5165
product_product,B004BKLHOS,B004JGQ15E,0.5101
product_product,B004BKLHOS,B003TNANSO,0.5033
product_product,B004E4CCSQ,B004E4EBMG,0.7584
product_product,B004E4CCSQ,B007I7Z3Z0,0.5776
product_product,B004E4CCSQ,B001LGGH54,0.5664
product_product,B004E4CCSQ,B005K4Q1RW,0.5234
product_product,B004E4CCSQ,B004SRH2B6,0.5067
product_product,B004E4EBMG,B004E4CCSQ,0.7584
product_product,B004E4EBMG,B001LGGH54,0.5258
product_product,B004E4EBMG,B001LG940E,0.5011
product_product,B004E4EBMG,B007I7Z3Z0,0.4729
product_product,B004E4EBMG,B003D4F1QS,0.4619
product_product,B004FEN3GK,B004BKLHOS,0.5937
product_product,B004FEN3GK,B0051COPH6,0.5111
product_product,B004FEN3GK,B0013NUGDE,0.5077
product_product,B004FEN3GK,B004JGQ15E,0.49
product_product,B004FEN3GK,B004JRKEH4,0.4661
product_product,B004JGQ15E,B002NHYQAS,0.5638
product_product,B004JGQ15E,B0034EDLS2,0.5499
product_product,B004JGQ15E,B000PDY3P0,0.5452
product_product,B004JGQ15E,B0013NUGDE,0.5392
product_product,B004JGQ15E,B004U43ZO0,0.5372
product_product,B004JRKEH4,B004YV80O4,0.6509
product_product,B004JRKEH4,B004YV80OE,0.599
product_product,B004JRKEH4,B002IEVJRY,0.5367
product_product,B004JRKEH4,B005K4Q1RW,0.5324
product_product,B004JRKEH4,B005A1LINC,0.5217
product_product,B004SRH2B6,B005K4Q1RW,0.5184
product_product,B004SRH2B6,B004E4CCSQ,0.5067
product_product,B004SRH2B6,B005HG9ESG,0.4998
product_product,B004SRH2B6,B001LG940E,0.4797
product_product,B004SRH2B6,B0051COPH6,0.4763
product_product,B004TPKAN4,B004U49QU2,0.6284
product_product,B004TPKAN4,B002NHYQAS,0.5418
product_product,B004TPKAN4,B0034EDLS2,0.5405
product_product,B004TPKAN4,B003FDC2I2,0.5317
product_product,B004TPKAN4,B004U43ZO0,0.5073
product_product,B004U43ZO0,B004U49QU2,0.768
product_product,B004U43ZO0,B0018KR8V0,0.654
product_product,B004U43ZO0,B0034EDLS2,0.5839
product_product,B004U43ZO0,B0013NUGDE,0.57
product_product,B004U43ZO0,B002NHYQAS,0.5577
product_product,B004U49QU2,B004U43ZO0,0.768
product_product,B004U49QU2,B0034EDLS2,0.63
product_product,B004U49QU2,B004TPKAN4,0.6284
product_product,B004U49QU2,B0018KR8V0,0.5901
product_product,B004U49QU2,B003TNANSO,0.5368
product_product,B004YV80O4,B004YV80OE,0.6748
product_product,B004YV80O4,B004JRKEH4,0.6509
product_product,B004YV80O4,B0034EDLS2,0.5316
product_product,B004YV80O4,B003FDC2I2,0.5229
product_product,B004YV80O4,B0051COPH6,0.5172
product_product,B004YV80OE,B004YV80O4,0.6748
product_product,B004YV80OE,B004JRKEH4,0.599
product_product,B004YV80OE,B001BDDTB2,0.4262
product_product,B004YV80OE,B001VJ0B0I,0.39
product_product,B004YV80OE,B005K4Q37A,0.3682
product_product,B004ZIER34,B007TJGZ54,0.687
product_product,B004ZIER34,B001D0IZBM,0.6602
product_product,B004ZIER34,B0049ULB78,0.6343
product_product,B004ZIER34,B0090X8IPM,0.6329
product_product,B004ZIER34,B005VOONKI,0.6217
product_product,B0051COPH6,B003FDC2I2,0.5932
product_product,B0051COPH6,B0034EDLS2,0.5846
product_product,B0051COPH6,B0018KR8V0,0.5756
product_product,B0051COPH6,B001LG940E,0.5675
product_product,B0051COPH6,B005K4Q1RW,0.5351
product_product,B005A1LINC,B005A1LJ04,0.7853
product_product,B005A1LINC,B005K4Q1RW,0.6478
product_product,B005A1LINC,B001LGGH40,0.5318
product_product,B005A1LINC,B004JRKEH4,0.5217
product_product,B005A1LINC,B001LG940E,0.519
product_product,B005A1LJ04,B005A1LINC,0.7853
product_product,B005A1LJ04,B005K4Q1RW,0.6406
product_product,B005A1LJ04,B001LG940E,0.5488
product_product,B005A1LJ04,B001LGGH40,0.5479
product_product,B005A1LJ04,B002IEZJMA,0.4947
product_product,B005HG9ESG,B004SRH2B6,0.4998
product_product,B005HG9ESG,B004E4CCSQ,0.4895
product_product,B005HG9ESG,B001LGGH54,0.4756
product_product,B005HG9ESG,B0019QT66I,0.4634
product_product,B005HG9ESG,B006MONQMC,0.4353
product_product,B005K4Q1RW,B005A1LINC,0.6478
product_product,B005K4Q1RW,B001LG940E,0.6439
product_product,B005K4Q1RW,B005A1LJ04,0.6406
product_product,B005K4Q1RW,B001LGGH54,0.6151
product_product,B005K4Q1RW,B001LG945O,0.607
product_product,B005K4Q1VI,B002ZX1U9A,0.7311
product_product,B005K4Q1VI,B0049ULB78,0.7035
product_product,B005K4Q1VI,B007TJGY46,0.6574
product_product,B005K4Q1VI,B007TJGZ54,0.637
product_product,B005K4Q1VI,B002IEVJRY,0.5692
product_product,B005K4Q37A,B007I7Z3Z0,0.6333
product_product,B005K4Q37A,B005K4Q1RW,0.5562
product_product,B005K4Q37A,B0090X8IPM,0.5372
product_product,B005K4Q37A,B002IEVJRY,0.5362
product_product,B005K4Q37A,B00438XVGU,0.5305
product_product,B005VOONKI,B007TJGZ54,0.6544
product_product,B005VOONKI,B002IEZJMA,0.6466
product_product,B005VOONKI,B0090X8IPM,0.6269
product_product,B005VOONKI,B004ZIER34,0.6217
product_product,B005VOONKI,B0049ULB78,0.6077
product_product,B0061IUIDY,B0041NYV8E,0.6055
product_product,B0061IUIDY,B003D4F1QS,0.5844
product_product,B0061IUIDY,B007I7Z3Z0,0.5744
product_product,B0061IUIDY,B002IEZJMA,0.4918
product_product,B0061IUIDY,B004E4CCSQ,0.4645
product_product,B006MONQMC,B002IEZJMA,0.614
product_product,B006MONQMC,B007I7Z3Z0,0.5834
product_product,B006MONQMC,B001LGGH40,0.5799
product_product,B006MONQMC,B001AS1A4Q,0.5542
product_product,B006MONQMC,B001LG940E,0.5392
product_product,B007I7Z3Z0,B005K4Q37A,0.6333
product_product,B007I7Z3Z0,B002IEZJMA,0.6313
product_product,B007I7Z3Z0,B006MONQMC,0.5834
product_product,B007I7Z3Z0,B001LGGH54,0.582
product_product,B007I7Z3Z0,B004E4CCSQ,0.5776
product_product,B007TJGY46,B0049ULB78,0.6886
product_product,B007TJGY46,B002ZX1U9A,0.6879
product_product,B007TJGY46,B007TJGZ54,0.6778
product_product,B007TJGY46,B005K4Q1VI,0.6574
product_product,B007TJGY46,B001D0IZBM,0.6463
product_product,B007TJGZ54,B0049ULB78,0.7827
product_product,B007TJGZ54,B002ZX1U9A,0.7774
product_product,B007TJGZ54,B001D0IZBM,0.7344
product_product,B007TJGZ54,B004ZIER34,0.687
product_product,B007TJGZ54,B002IEZJMA,0.6838
product_product,B008BY7NSE,B008ZRKZSM,0.8067
product_product,B008BY7NSE,B003FDC2I2,0.5842
product_product,B008BY7NSE,B003TNANSO,0.5436
product_product,B008BY7NSE,B0018KR8V0,0.5278
product_product,B008BY7NSE,B0034EDLS2,0.5159
product_product,B008RWUKXK,B0034EDLS2,0.5305
product_product,B008RWUKXK,B001VJ0B0I,0.4128
product_product,B008RWUKXK,B004TPKAN4,0.3877
product_product,B008RWUKXK,B0051COPH6,0.3809
product_product,B008RWUKXK,B008BY7NSE,0.3773
product_product,B008ZRKZSM,B008BY7NSE,0.8067
product_product,B008ZRKZSM,B003TNANSO,0.561
product_product,B008ZRKZSM,B0018KR8V0,0.5402
product_product,B008ZRKZSM,B0034EDLS2,0.5339
product_product,B008ZRKZSM,B004U49QU2,0.5196
product_product,B0090X8IPM,B007TJGZ54,0.6571
product_product,B0090X8IPM,B002ZX1U9A,0.6396
product_product,B0090X8IPM,B004ZIER34,0.6329
product_product,B0090X8IPM,B005VOONKI,0.6269
product_product,B0090X8IPM,B00438XVGU,0.6251
review_product,B001VJ0B0I,B001VJ0B0I,0.6071
review_product,B003VXFK44,B0090X8IPM,0.6513
review_product,B005VOONKI,B007TJGZ54,0.6514
review_product,B0045XE32E,B0045XE32E,0.6902
review_product,B007TJGY46,B0049ULB78,0.5632
review_product,B001LG940E,B001LGGH40,0.8035
review_product,B004E4CCSQ,B004E4CCSQ,0.7514
review_product,B005HG9ESG,B005HG9ESG,0.6757
review_product,B0061IUIDY,B0061IUIDY,0.6268
review_product,B001LG945O,B001LGGH40,0.7264
review_product,B001VJ0B0I,B001VJ0B0I,0.6793
review_product,B0041NYV8E,B0041NYV8E,0.6987
review_product,B005VOONKI,B007TJGZ54,0.5924
review_product,B003TNANSO,B003TNANSO,0.5659
review_product,B001BDDTB2,B001BDDTB2,0.5766
review_product,B0018KR8V0,B0018KR8V0,0.6909
review_product,B0090X8IPM,B0090X8IPM,0.7648
review_product,B003FDC2I2,B002NHYQAS,0.5692
review_product,B005K4Q1VI,B005K4Q1RW,0.5515
review_product,B003TNANSO,B0034EDLS2,0.6903
review_product,B004TPKAN4,B004TPKAN4,0.6567
review_product,B0019QT66I,B0019QT66I,0.5701
review_product,B002LANN56,B001VJ0B0I,0.6155
review_product,B007TJGY46,B007TJGY46,0.6713
review_product,B005VOONKI,B007TJGY46,0.6398
review_product,B0051COPH6,B0051COPH6,0.673
review_product,B004E4CCSQ,B004E4CCSQ,0.8102
review_product,B006MONQMC,B001LG940E,0.5454
review_product,B003VXFK44,B007TJGZ54,0.6385
review_product,B005A1LJ04,B005A1LJ04,0.7414
review_product,B004ZIER34,B004ZIER34,0.7404
review_product,B004SRH2B6,B004SRH2B6,0.6369
review_product,B003QNJYXM,B002IEZJMA,0.5934
review_product,B007TJGY46,B007TJGZ54,0.6881
review_product,B003TNANSO,B0018KR8V0,0.639
review_product,B003QNJYXM,B001AS1A4Q,0.6745
review_product,B002QWP89S,B002QWP89S,0.7183
review_product,B002LANN56,B002LANN56,0.5705
review_product,B004ZIER34,B004ZIER34,0.6309
review_product,B007TJGY46,B001D0IZBM,0.4999
review_product,B001VJ0B0I,B001VJ0B0I,0.634
review_product,B001VJ0B0I,B001VJ0B0I,0.652
review_product,B0051COPH6,B0051COPH6,0.5472
review_product,B0051COPH6,B0051COPH6,0.6339
review_product,B0018KR8V0,B0018KR8V0,0.5175
review_product,B007I7Z3Z0,B004E4CCSQ,0.6157
review_product,B002IEVJRY,B002IEVJRY,0.7499
review_product,B005A1LJ04,B005A1LJ04,0.786
review_product,B000G6RYNE,B0013NUGDE,0.5774
review_product,B0034EDLS2,B0018KR8V0,0.6875
review_product,B004U49QU2,B004U43ZO0,0.6781
review_product,B008ZRKZSM,B008ZRKZSM,0.7681
review_product,B005K4Q37A,B002IEVJRY,0.643
review_product,B0045XE32E,B0045XE32E,0.665
review_product,B004ZIER34,B004ZIER34,0.6077
review_product,B000GAT6NG,B000GAT6NG,0.5661
review_product,B004BKLHOS,B004BKLHOS,0.661
review_product,B0007A0AQW,B0007A0AQW,0.6281
review_product,B004YV80OE,B004YV80OE,0.687
review_product,B002QWP89S,B002QWP89S,0.4899
review_product,B003QNJYXM,B000PDY3P0,0.1127
review_product,B001BDDTB2,B001BDDTB2,0.6129
review_product,B004BKLHOS,B004BKLHOS,0.7687
review_product,B0013NUGDE,B000G6RYNE,0.7327
review_product,B004U49QU2,B004U43ZO0,0.4944
review_product,B002LANN56,B002LANN56,0.5881
review_product,B004E4EBMG,B001LGGH54,0.5798
review_product,B007I7Z3Z0,B007I7Z3Z0,0.7098
review_product,B005K4Q37A,B002ZX1U9A,0.7027
review_product,B0045XE32E,B002LANN56,0.6883
review_product,B000PDY3P0,B000PDY3P0,0.552
review_product,B006MONQMC,B001LGGH40,0.64
review_product,B004U49QU2,B004U43ZO0,0.7863
review_product,B005K4Q37A,B001D0IZBM,0.5224
review_product,B0045XE32E,B002LANN56,0.6471
review_product,B004FEN3GK,B004BKLHOS,0.7324
review_product,B002IEZJMA,B002IEZJMA,0.7029
review_product,B003XDH6M6,B003XDH6M6,0.7501
review_product,B007TJGZ54,B007TJGZ54,0.7057
review_product,B002ZX1U9A,B002ZX1U9A,0.7328
review_product,B0013NUGDE,B0013NUGDE,0.435
review_product,B0007A0AQW,B0045XE32E,0.4373
review_product,B008BY7NSE,B008ZRKZSM,0.7814
review_product,B002ZX1U9A,B002IEZJMA,0.4636
review_product,B004TPKAN4,B004TPKAN4,0.6597
review_product,B002LANN56,B002LANN56,0.5794
review_product,B001LGGH54,B001LGGH54,0.6581
review_product,B004ZIER34,B004ZIER34,0.628
review_product,B000GAT6NG,B002QWP89S,0.2063
review_product,B004U49QU2,B004U43ZO0,0.7712
review_product,B005A1LJ04,B005A1LJ04,0.7453
review_product,B0049ULB78,B0090X8IPM,0.4545
review_product,B000PDY3P0,B000PDY3P0,0.3684
review_product,B005HG9ESG,B005HG9ESG,0.6332
review_product,B007TJGZ54,B007TJGZ54,0.7433
review_product,B004E4EBMG,B004E4EBMG,0.6629
review_product,B003XDH6M6,B003XDH6M6,0.8311
review_product,B001D0IZBM,B007TJGZ54,0.6545
review_product,B0090X8IPM,B0090X8IPM,0.6962
review_product,B0090X8IPM,B0090X8IPM,0.7688
review_product,B0041NYV8E,B0041NYV8E,0.7627
review_product,B005A1LINC,B005A1LJ04,0.6786
review_product,B002QWP89S,B002LANN56,0.5022
review_product,B005HG9ESG,B004SRH2B6,0.4983
review_product,B0012NUVN0,B0012NUVN0,0.6285
review_product,B0051COPH6,B0051COPH6,0.5864
review_product,B0090X8IPM,B0090X8IPM,0.5928
review_product,B0090X8IPM,B0090X8IPM,0.7816
review_product,B003E728CE,B003E728CE,0.6932
review_product,B004BKLHOS,B004YV80OE,0.388
review_product,B000PDY3P0,B000PDY3P0,0.7084
review_product,B004FEN3GK,B004BKLHOS,0.6558
review_product,B0090X8IPM,B0090X8IPM,0.7405
review_product,B004U49QU2,B004U43ZO0,0.7269
review_product,B0045XE32E,B0045XE32E,0.6529
review_product,B008RWUKXK,B008RWUKXK,0.6542
review_product,B007I7Z3Z0,B007I7Z3Z0,0.7281
review_product,B003QNJYXM,B003QNJYXM,0.5849
review_product,B0049ULB78,B007TJGZ54,0.6916
review_product,B003TNANSO,B0018KR8V0,0.4993
review_product,B007TJGY46,B00438XVGU,0.6856
review_product,B003XDH6M6,B003XDH6M6,0.6336
review_product,B004U49QU2,B004U43ZO0,0.6631
review_product,B003FDC2I2,B0051COPH6,0.5044
review_product,B001LGGH40,B001LGGH40,0.8655
review_product,B0018KR8V0,B0018KR8V0,0.7662
review_product,B008ZRKZSM,B004JRKEH4,0.5793
review_product,B002QWP89S,B002LANN56,0.5957
review_product,B0051COPH6,B0051COPH6,0.5823
review_product,B0013NUGDE,B0013NUGDE,0.6808
review_product,B001D0IZBM,B007TJGZ54,0.7286
review_product,B0007A0AQW,B0045XE32E,0.579
review_product,B002IEVJRY,B002IEVJRY,0.6665
review_product,B005VOONKI,B007TJGY46,0.5538
review_product,B005HG9ESG,B005HG9ESG,0.5684
review_product,B0012NUVN0,B0012NUVN0,0.7065
review_product,B005K4Q37A,B0090X8IPM,0.6465
review_product,B004FEN3GK,B004BKLHOS,0.6092
review_product,B002IEZJMA,B002IEVJRY,0.6866
review_product,B004YV80OE,B004YV80OE,0.7398
review_product,B004JGQ15E,B004JGQ15E,0.6966
review_product,B008BY7NSE,B008BY7NSE,0.711
review_product,B0061IUIDY,B0061IUIDY,0.7027
review_product,B004YV80OE,B004YV80OE,0.619
review_product,B007I7Z3Z0,B007I7Z3Z0,0.6935
review_product,B0090X8IPM,B0090X8IPM,0.6784
review_product,B002IEVJRY,B007TJGZ54,0.6562
review_product,B004FEN3GK,B004BKLHOS,0.7378
review_product,B006MONQMC,B006MONQMC,0.6762
review_product,B0013NUGDE,B0013NUGDE,0.6201
review_product,B004E4EBMG,B004E4EBMG,0.7733
review_product,B002NHYQAS,B002NHYQAS,0.7765
review_product,B004FEN3GK,B004FEN3GK,0.6658
review_product,B005K4Q1VI,B002NHYQAS,0.6149
review_product,B001LGGH54,B001LG940E,0.6873
review_product,B008ZRKZSM,B008ZRKZSM,0.7597
review_product,B005K4Q1RW,B005K4Q1RW,0.5671
review_product,B003VXFK44,B007TJGZ54,0.6987
review_product,B004JGQ15E,B004JGQ15E,0.7434
review_product,B001D0IZBM,B0049ULB78,0.6865
review_product,B005K4Q37A,B0049ULB78,0.4547
review_product,B00438XVGU,B0090X8IPM,0.6986
review_product,B005VOONKI,B003VXFK44,0.5451
review_product,B0034EDLS2,B003TNANSO,0.61
review_product,B006MONQMC,B006MONQMC,0.6863
review_product,B001LG940E,B001LG940E,0.7553
review_product,B002IEZJMA,B002IEZJMA,0.6577
review_product,B0090X8IPM,B0090X8IPM,0.6785
review_product,B008ZRKZSM,B008ZRKZSM,0.5297
review_product,B001LGGH54,B001LGGH54,0.7606
review_product,B005K4Q1RW,B005K4Q1RW,0.499
review_product,B000PDY3P0,B000PDY3P0,0.5812
review_product,B005VOONKI,B007TJGZ54,0.6202
review_product,B002QWP89S,B0045XE32E,0.604
review_product,B0013NUGDE,B0013NUGDE,0.7848
review_product,B005K4Q1RW,B005K4Q1VI,0.6381
review_product,B0061IUIDY,B0061IUIDY,0.7835
review_product,B002IEZJMA,B002IEZJMA,0.665
review_product,B003TNANSO,B0018KR8V0,0.6147
review_product,B002IEZJMA,B002IEVJRY,0.6962
review_product,B003E728CE,B003E728CE,0.7461
review_product,B007TJGY46,B007TJGY46,0.7181
review_product,B004JRKEH4,B004JRKEH4,0.623
review_product,B004E4EBMG,B004E4CCSQ,0.6731
review_product,B002IEVJRY,B002IEVJRY,0.7004
review_product,B002QWP89S,B002LANN56,0.6522
review_product,B0007A0AQW,B0045XE32E,0.4871
review_product,B001LG945O,B001LG940E,0.6961
review_product,B004SRH2B6,B004SRH2B6,0.6606
review_product,B004E4EBMG,B004E4EBMG,0.7609
review_product,B006MONQMC,B006MONQMC,0.7612
review_product,B004BKLHOS,B004BKLHOS,0.7505
review_product,B000PDY3P0,B000PDY3P0,0.5915
review_product,B0051COPH6,B0051COPH6,0.5125
review_product,B004YV80O4,B004YV80O4,0.6969
review_product,B002IEZJMA,B002IEVJRY,0.7313
review_product,B007TJGY46,B007TJGY46,0.7604
review_product,B005A1LJ04,B005A1LINC,0.6632
review_product,B003TNANSO,B0034EDLS2,0.7259
review_product,B001VJ0B0I,B0045XE32E,0.5446
review_product,B003VXFK44,B007TJGZ54,0.6066
review_product,B007TJGY46,B002ZX1U9A,0.743
review_product,B0034EDLS2,B0018KR8V0,0.6474
review_product,B008ZRKZSM,B008ZRKZSM,0.7981
review_product,B000PDY3P0,B000PDY3P0,0.6566
review_product,B002QWP89S,B002QWP89S,0.5173
review_product,B000GAT6NG,B000GAT6NG,0.5203
review_product,B004YV80O4,B004YV80O4,0.6875
review_product,B001LGGH40,B001LGGH40,0.6781
review_product,B004YV80O4,B004YV80O4,0.666
review_product,B0051COPH6,B0051COPH6,0.6917
review_product,B0007A0AQW,B0045XE32E,0.6211
review_product,B0007A0AQW,B0045XE32E,0.6289
review_product,B005A1LINC,B004JRKEH4,0.4156
review_product,B00438XVGU,B00438XVGU,0.6134
review_product,B001LGGH40,B001LGGH40,0.7555
review_product,B005K4Q37A,B004SRH2B6,0.3646
review_product,B008RWUKXK,B004FEN3GK,0.4524
review_product,B0013NUGDE,B0013NUGDE,0.7615
review_product,B004JGQ15E,B004JGQ15E,0.7288
review_product,B004JGQ15E,B004JGQ15E,0.7342
review_product,B0090X8IPM,B0090X8IPM,0.7155
review_product,B000PDY3P0,B000PDY3P0,0.5744
review_product,B004E4CCSQ,B004E4CCSQ,0.7779
review_product,B002QWP89S,B002LANN56,0.4766
review_product,B000GAT6NG,B005VOONKI,0.2851
review_product,B002IEZJMA,B002IEZJMA,0.5352
review_product,B004ZIER34,B004ZIER34,0.748
review_product,B0061IUIDY,B0061IUIDY,0.6307
review_product,B004FEN3GK,B004FEN3GK,0.6887
review_product,B000PDY3P0,B000PDY3P0,0.5666
review_product,B004BKLHOS,B004BKLHOS,0.5826
review_product,B000GAT6NG,B000GAT6NG,0.585
review_product,B0045XE32E,B002NHYQAS,0.3855
review_product,B007TJGZ54,B007TJGZ54,0.7127
review_product,B004SRH2B6,B004SRH2B6,0.7322
review_product,B004U49QU2,B004U43ZO0,0.7623
review_product,B008ZRKZSM,B008BY7NSE,0.805
review_product,B002QWP89S,B002QWP89S,0.5953
review_product,B004YV80O4,B004YV80O4,0.6372
review_product,B001VJ0B0I,B001VJ0B0I,0.7756
review_product,B007I7Z3Z0,B007I7Z3Z0,0.7332
review_product,B002NHYQAS,B002NHYQAS,0.7184
review_product,B0007A0AQW,B0045XE32E,0.6439
review_product,B003XDH6M6,B003XDH6M6,0.6829
review_product,B002NHYQAS,B002NHYQAS,0.6131
review_product,B003D4F1QS,B0061IUIDY,0.6151
review_product,B004JGQ15E,B004U43ZO0,0.6676
review_product,B003E728CE,B0012NUVN0,0.4108
review_product,B002QWP89S,B002QWP89S,0.6423
review_product,B0013NUGDE,B0034EDLS2,0.5864
review_product,B0007A0AQW,B0012NUVN0,0.4059
review_product,B008RWUKXK,B004BKLHOS,0.5961
review_product,B0051COPH6,B0051COPH6,0.6709
review_product,B002ZX1U9A,B002ZX1U9A,0.7041
review_product,B006MONQMC,B0051COPH6,0.5574
review_product,B002IEZJMA,B002IEZJMA,0.6771
review_product,B0034EDLS2,B0018KR8V0,0.7145
review_product,B004SRH2B6,B004SRH2B6,0.7048
review_product,B006MONQMC,B006MONQMC,0.6729
review_product,B005K4Q37A,B002ZX1U9A,0.685
review_product,B000GAT6NG,B000GAT6NG,0.5879
review_product,B005VOONKI,B007TJGZ54,0.6236
review_product,B0034EDLS2,B0034EDLS2,0.6287
review_product,B003XDH6M6,B003XDH6M6,0.7072
review_product,B0019QT66I,B004JRKEH4,0.4728
review_product,B0018KR8V0,B003TNANSO,0.554
review_product,B00438XVGU,B00438XVGU,0.631
review_product,B002IEVJRY,B002IEZJMA,0.7276
review_product,B003D4F1QS,B003D4F1QS,0.653
review_product,B006MONQMC,B006MONQMC,0.7848
review_product,B0007A0AQW,B0045XE32E,0.6342
review_product,B004TPKAN4,B004TPKAN4,0.612
review_product,B005HG9ESG,B005HG9ESG,0.6478
review_product,B0049ULB78,B002NHYQAS,0.4676
review_product,B003TNANSO,B0034EDLS2,0.728
review_product,B004SRH2B6,B004E4EBMG,0.5583
review_product,B0018KR8V0,B0018KR8V0,0.7468
review_product,B007TJGY46,B001D0IZBM,0.6452
review_product,B000GAT6NG,B000GAT6NG,0.6353
review_product,B0013NUGDE,B004JRKEH4,0.5904
review_product,B003QNJYXM,B003QNJYXM,0.5732
review_product,B005HG9ESG,B006MONQMC,0.544
review_product,B001LG940E,B001LG940E,0.7686
review_product,B0034EDLS2,B003TNANSO,0.6994
review_product,B003D4F1QS,B003D4F1QS,0.5998
review_product,B002IEVJRY,B002IEZJMA,0.7675
review_product,B002QWP89S,B002LANN56,0.5473
review_product,B0034EDLS2,B003TNANSO,0.6457
review_product,B003TNANSO,B003TNANSO,0.7476
review_product,B001D0IZBM,B005K4Q1VI,0.5269
review_product,B0051COPH6,B0051COPH6,0.4737
review_product,B007I7Z3Z0,B001LGGH54,0.4616
review_product,B007I7Z3Z0,B007I7Z3Z0,0.6634
review_product,B003D4F1QS,B003D4F1QS,0.631
review_product,B000PDY3P0,B000PDY3P0,0.6572
review_product,B003D4F1QS,B0061IUIDY,0.6198
review_product,B0013NUGDE,B0013NUGDE,0.7837
review_product,B004JGQ15E,B004JGQ15E,0.6877
review_product,B001BDDTB2,B001BDDTB2,0.6963
review_product,B000GAT6NG,B000GAT6NG,0.6964
review_product,B002ZX1U9A,B002ZX1U9A,0.7884
review_product,B0013NUGDE,B000PDY3P0,0.4199
review_product,B004YV80O4,B004YV80O4,0.6302
review_product,B005VOONKI,B003VXFK44,0.5552
review_product,B002IEVJRY,B002IEZJMA,0.7532
review_product,B007TJGZ54,B007TJGZ54,0.6189
review_product,B0051COPH6,B0051COPH6,0.4448
review_product,B005A1LJ04,B005A1LJ04,0.7539
review_product,B001LGGH54,B001LGGH54,0.6539
review_product,B003E728CE,B003E728CE,0.5809
review_product,B003VXFK44,B0049ULB78,0.5801
review_product,B0051COPH6,B0051COPH6,0.6102
review_product,B000GAT6NG,B000GAT6NG,0.6974
review_product,B001VJ0B0I,B002LANN56,0.5262
review_product,B002IEVJRY,B002IEZJMA,0.6837
review_product,B0007A0AQW,B0007A0AQW,0.6596
review_product,B002LANN56,B001VJ0B0I,0.6928
review_product,B005K4Q1VI,B005K4Q1VI,0.4929
review_product,B005A1LINC,B005A1LINC,0.6729
review_product,B0090X8IPM,B007TJGZ54,0.5111
review_product,B003E728CE,B003E728CE,0.7376
review_product,B004JRKEH4,B004JRKEH4,0.698
review_product,B0041NYV8E,B0041NYV8E,0.6429
review_product,B001LG940E,B001LG940E,0.6495
review_product,B001D0IZBM,B0049ULB78,0.693
review_product,B002LANN56,B002LANN56,0.6779
review_product,B001VJ0B0I,B0045XE32E,0.6106
review_product,B005K4Q1RW,B005K4Q1RW,0.7332
review_product,B004TPKAN4,B004TPKAN4,0.6646
review_product,B002IEZJMA,B002IEVJRY,0.6036
review_product,B0041NYV8E,B0041NYV8E,0.7157
review_product,B002NHYQAS,B002NHYQAS,0.5723
review_product,B004SRH2B6,B002IEVJRY,0.4103
review_product,B005A1LINC,B005A1LINC,0.9696
review_product,B005K4Q1VI,B005K4Q1VI,0.7052
review_product,B005K4Q1RW,B005K4Q1RW,0.7083
review_product,B0049ULB78,B004SRH2B6,0.3166
review_product,B004FEN3GK,B004BKLHOS,0.5326
review_product,B001LG940E,B001LG940E,0.7031
review_product,B0041NYV8E,B0041NYV8E,0.6494
review_product,B002NHYQAS,B002NHYQAS,0.789
review_product,B003XDH6M6,B003XDH6M6,0.7915
review_product,B000G6RYNE,B000G6RYNE,0.7753
review_product,B003FDC2I2,B002NHYQAS,0.6299
review_product,B000GAT6NG,B000GAT6NG,0.6165
review_product,B004SRH2B6,B004SRH2B6,0.6853
review_product,B000PDY3P0,B000PDY3P0,0.5247
review_product,B001LGGH40,B001LGGH40,0.7614
review_product,B001LGGH40,B001LGGH40,0.829
review_product,B002NHYQAS,B002NHYQAS,0.672
review_product,B001VJ0B0I,B001VJ0B0I,0.6752
review_product,B004JRKEH4,B004JRKEH4,0.7461
review_product,B002IEVJRY,B002IEVJRY,0.6112
review_product,B001LGGH40,B001LGGH40,0.7545
review_product,B001LGGH40,B001LG940E,0.6636
review_product,B003D4F1QS,B004E4EBMG,0.55
review_product,B000PDY3P0,B000PDY3P0,0.605
review_product,B002QWP89S,B002QWP89S,0.4845
review_product,B004ZIER34,B004ZIER34,0.5523
review_product,B001LG940E,B001LG940E,0.7636
review_product,B003QNJYXM,B0019QT66I,0.4561
review_product,B004YV80OE,B004JRKEH4,0.3285
review_product,B000PDY3P0,B000PDY3P0,0.6803
review_product,B002QWP89S,B002QWP89S,0.5951
review_product,B002QWP89S,B002LANN56,0.6779
review_product,B003FDC2I2,B003FDC2I2,0.4988
review_product,B002ZX1U9A,B002ZX1U9A,0.5186
review_product,B007I7Z3Z0,B001LGGH54,0.5461
review_product,B008RWUKXK,B0034EDLS2,0.5502
review_product,B007I7Z3Z0,B005K4Q1RW,0.5637
review_product,B004ZIER34,B002IEZJMA,0.5858
review_product,B006MONQMC,B006MONQMC,0.6063
review_product,B004YV80O4,B004YV80O4,0.6716
review_product,B005K4Q37A,B0090X8IPM,0.6695
review_product,B004SRH2B6,B004SRH2B6,0.6909
review_product,B004FEN3GK,B004BKLHOS,0.6355
review_product,B0051COPH6,B0051COPH6,0.5589
review_product,B002QWP89S,B002LANN56,0.6217
review_product,B003TNANSO,B0018KR8V0,0.7317
review_product,B0045XE32E,B0045XE32E,0.6474
review_product,B003TNANSO,B0034EDLS2,0.5144
review_product,B002QWP89S,B002QWP89S,0.4578
review_product,B00438XVGU,B0049ULB78,0.6627
review_product,B002QWP89S,B004U43ZO0,0.4053
review_product,B008BY7NSE,B008ZRKZSM,0.7639
review_product,B002IEVJRY,B002IEVJRY,0.6669
review_product,B005K4Q1RW,B002IEVJRY,0.55
review_product,B0041NYV8E,B0041NYV8E,0.7074
review_product,B003QNJYXM,B001AS1A4Q,0.6221
review_product,B00438XVGU,B00438XVGU,0.6572
review_product,B002QWP89S,B002LANN56,0.509
review_product,B000GAT6NG,B000GAT6NG,0.4653
review_product,B002IEZJMA,B002IEZJMA,0.7114
review_product,B005K4Q1VI,B005K4Q1VI,0.6725
review_product,B005VOONKI,B005VOONKI,0.58
review_product,B001LGGH54,B001LG940E,0.7466
review_product,B001LGGH54,B001AS1A4Q,0.2388
review_product,B004SRH2B6,B004SRH2B6,0.7497
review_product,B002ZX1U9A,B002ZX1U9A,0.7597
review_product,B002IEZJMA,B002IEZJMA,0.6179
review_product,B000GAT6NG,B000GAT6NG,0.567
review_product,B002ZX1U9A,B0090X8IPM,0.5629
review_product,B0051COPH6,B0051COPH6,0.5244
review_product,B0013NUGDE,B0013NUGDE,0.6837
review_product,B003TNANSO,B0018KR8V0,0.6406
review_product,B001D0IZBM,B002ZX1U9A,0.6758
review_product,B004JGQ15E,B004JGQ15E,0.7363
review_product,B0061IUIDY,B0061IUIDY,0.7508
review_product,B003TNANSO,B001LG940E,0.4417
review_product,B0090X8IPM,B0090X8IPM,0.8004
review_product,B002LANN56,B002LANN56,0.623
review_product,B004SRH2B6,B001AS1A4Q,0.3514
review_product,B000GAT6NG,B002QWP89S,0.3617
review_product,B0045XE32E,B0045XE32E,0.6493
review_product,B002IEZJMA,B0049ULB78,0.6875
review_product,B003D4F1QS,B0041NYV8E,0.5826
review_product,B003QNJYXM,B0019QT66I,0.4984
review_product,B0041NYV8E,B0041NYV8E,0.7619
review_product,B005K4Q37A,B002IEVJRY,0.6411
review_product,B004TPKAN4,B004U49QU2,0.5879
review_product,B003XDH6M6,B003XDH6M6,0.6213
review_product,B003D4F1QS,B0061IUIDY,0.7026
review_product,B0045XE32E,B0045XE32E,0.6138
review_product,B002QWP89S,B0012NUVN0,0.4438
review_product,B002LANN56,B004YV80OE,0.5294
review_product,B003XDH6M6,B003XDH6M6,0.8064
review_product,B004SRH2B6,B004JRKEH4,0.4724
review_product,B004FEN3GK,B004FEN3GK,0.6779
review_product,B0012NUVN0,B0012NUVN0,0.664
review_product,B003D4F1QS,B003D4F1QS,0.6694
review_product,B000PDY3P0,B000PDY3P0,0.7313
review_product,B002QWP89S,B0012NUVN0,0.4993
review_product,B001VJ0B0I,B001VJ0B0I,0.5989
review_product,B0041NYV8E,B0041NYV8E,0.6551
review_product,B005A1LINC,B005A1LINC,0.7592
review_product,B005A1LINC,B005A1LINC,0.7272
review_product,B002NHYQAS,B0018KR8V0,0.6967
review_product,B005K4Q1VI,B005K4Q1VI,0.7523
review_product,B001LGGH40,B001LGGH40,0.6563
review_product,B006MONQMC,B004E4CCSQ,0.6752
review_product,B0061IUIDY,B0061IUIDY,0.4987
review_product,B004E4EBMG,B004E4EBMG,0.6708
review_product,B0061IUIDY,B0061IUIDY,0.6119
review_product,B006MONQMC,B006MONQMC,0.7287
review_product,B005K4Q1VI,B002IEVJRY,0.4691
review_product,B001LG945O,B001LG945O,0.5751
review_product,B004TPKAN4,B004TPKAN4,0.6506
review_product,B001VJ0B0I,B004JRKEH4,0.5587
review_product,B0051COPH6,B0051COPH6,0.5534
review_product,B003E728CE,B003E728CE,0.7148
review_product,B004E4EBMG,B004E4EBMG,0.773
review_product,B003FDC2I2,B003FDC2I2,0.6595
review_product,B0041NYV8E,B0041NYV8E,0.7713
review_product,B0007A0AQW,B0045XE32E,0.4614
review_product,B002ZX1U9A,B0049ULB78,0.5649
review_product,B0090X8IPM,B005VOONKI,0.705
review_product,B004JRKEH4,B004JRKEH4,0.7455
review_product,B007TJGY46,B007TJGZ54,0.5487
review_product,B001BDDTB2,B001BDDTB2,0.6446
review_product,B004E4CCSQ,B004E4CCSQ,0.8094
review_product,B004E4EBMG,B004E4EBMG,0.4922
review_product,B003TNANSO,B003TNANSO,0.717
review_product,B007TJGZ54,B007TJGZ54,0.7175
review_product,B001LGGH40,B001LGGH40,0.7474
review_product,B0051COPH6,B0051COPH6,0.6132
review_product,B004FEN3GK,B004FEN3GK,0.5408
review_product,B005K4Q1RW,B005K4Q1RW,0.5935
review_product,B001AS1A4Q,B006MONQMC,0.5233
review_product,B0045XE32E,B002LANN56,0.6751
review_product,B000GAT6NG,B000GAT6NG,0.6725
review_product,B003XDH6M6,B003XDH6M6,0.6466
review_product,B007TJGZ54,B007TJGZ54,0.799
review_product,B000GAT6NG,B000GAT6NG,0.6408
review_product,B003VXFK44,B007TJGZ54,0.6511
review_product,B003VXFK44,B002ZX1U9A,0.7176
review_product,B0013NUGDE,B0013NUGDE,0.5725
review_product,B004SRH2B6,B004SRH2B6,0.7106
review_product,B004ZIER34,B004ZIER34,0.6593
review_product,B001D0IZBM,B004SRH2B6,0.4641
review_product,B0061IUIDY,B003D4F1QS,0.6663
review_product,B001BDDTB2,B001BDDTB2,0.7006
review_product,B004BKLHOS,B004BKLHOS,0.8415
review_product,B0007A0AQW,B0012NUVN0,0.5045
review_product,B001BDDTB2,B001BDDTB2,0.745
review_product,B005K4Q1RW,B005K4Q1VI,0.5458
review_product,B002QWP89S,B0045XE32E,0.6562
review_product,B003VXFK44,B004SRH2B6,0.4995
review_product,B001VJ0B0I,B001VJ0B0I,0.62
review_product,B004FEN3GK,B004FEN3GK,0.5324
review_product,B005A1LJ04,B005A1LJ04,0.7555
review_product,B0034EDLS2,B003TNANSO,0.6368
review_product,B002NHYQAS,B002NHYQAS,0.7942
review_product,B0041NYV8E,B0041NYV8E,0.7528
review_product,B005A1LJ04,B005A1LJ04,0.6787
review_product,B0045XE32E,B0045XE32E,0.6438
review_product,B0013NUGDE,B0013NUGDE,0.7399
review_product,B0051COPH6,B0051COPH6,0.507
review_product,B007I7Z3Z0,B007I7Z3Z0,0.7261
review_product,B005VOONKI,B002IEZJMA,0.6958
